{
    "user":
                [
            {"name":"Siva",
            "location":"Bengaluru",
            "likes":64,
            "description": "Kick start your career",
            "PostImage": "./image/Taj-Mahal.jpg",
            "date": "12/02/2022"
            },
            {"name":"Neeraj",
            "location":"Pune",
            "likes":30,
            "description": "Sample Description",
            "PostImage": "./image/Adventure.jpg",
            "date": "15/05/2022"
            },
            {"name":"Rahul",
            "location":"Hyderabad",
            "likes":30,
            "description": "Sample Description for Post",
            "PostImage": "./image/AirLine.jpg",
            "date": "10/06/2022"
            }
            ]
}
